{
  "total_return": 17.986885681152344,
  "final_value": 11798.688568115234,
  "sharpe_ratio": 1.782759403642937,
  "max_drawdown": -49.743284120806294,
  "total_trades": 176,
  "winning_trades": 92,
  "win_rate": 52.27272727272727,
  "avg_profit": 27.23629395858101,
  "avg_loss": -18.476990472702752,
  "profit_factor": 1.6144526761872406
}