{
  "total_return": 17.986877365112306,
  "final_value": 11798.68773651123,
  "sharpe_ratio": 1.7827594026760643,
  "max_drawdown": -49.74328625240443,
  "total_trades": 176,
  "winning_trades": 92,
  "win_rate": 52.27272727272727,
  "avg_profit": 27.236295119575832,
  "avg_loss": -18.47700091770717,
  "profit_factor": 1.6144518323598442
}