{
  "initial_capital": 10000,
  "final_value": 11249.491188049316,
  "total_return": 12.494911880493165,
  "total_trades": 156,
  "winning_trades": 91,
  "losing_trades": 65,
  "win_rate": 58.333333333333336,
  "avg_win": 38.585332598005024,
  "avg_loss": -34.796524282602164,
  "total_profit": 1249.4911880493164
}