{
  "initial_capital": 10000,
  "final_value": 11249.489448547363,
  "total_return": 12.494894485473633,
  "total_trades": 156,
  "winning_trades": 91,
  "losing_trades": 65,
  "win_rate": 58.333333333333336,
  "avg_win": 38.58531507554945,
  "avg_loss": -34.796526512732875,
  "total_profit": 1249.4894485473633
}